battery_id,cycle_index,cycle_number,capacity_ah,soh,rul_cycles,soh_pred,rul_pred_cycles,anomaly_score,risk_level
B0005,2,1,1.8564874208181574,1.0,100.0,0.9958215389566323,95.69,-0.028444771999954765,high
B0005,4,2,1.846327249719927,0.9945272071416714,99.0,0.9927087874433511,98.65,-0.002711578988594754,medium
B0005,6,3,1.8353491942234077,0.9886138595081705,98.0,0.9886286794299703,97.62,0.0034812296578995428,medium
B0005,8,4,1.8352625275821128,0.9885671763794173,97.0,0.9885227117498931,96.66666666666667,0.027918388908054093,medium
B0005,10,5,1.8346455082120419,0.9882348178817771,96.0,0.9883133649290259,95.7,0.03656923823096858,medium
B0005,12,6,1.8356616600675495,0.9887821697485943,95.0,0.9886811611956791,95.16,0.03045241777450014,medium
B0005,14,7,1.8351461429226603,0.9885044855913476,94.0,0.9885303174986522,94.61333333333333,0.035483772443340444,medium
B0005,16,8,1.8257567905665537,0.9834468955151549,93.0,0.9834117626404985,92.34666666666666,0.0505038810353875,medium
B0005,18,9,1.8247738529891333,0.9829174345738104,92.0,0.983000077932741,91.36666666666666,0.06520467556944187,medium
B0005,20,10,1.824613268496936,0.982830935473199,91.0,0.9829545685012948,90.82,0.06447259544075545,medium
B0005,22,11,1.8246195526864504,0.9828343204622076,90.0,0.9829214430093496,89.56666666666666,0.0654862001288733,medium
B0005,25,12,1.8142019357673917,0.9772228539894279,89.0,0.9771146339376946,88.47666666666667,0.058958629262844564,medium
B0005,27,13,1.8137521577549054,0.9769805803238794,88.0,0.9770634155493625,87.47333333333333,0.07549881208702963,medium
B0005,29,14,1.8134404914735822,0.9768127007692816,87.0,0.9769209049916096,86.58,0.07948441204980838,medium
B0005,31,15,1.8025980036306504,0.9709723768751647,86.0,0.9709541705180604,85.76333333333334,0.06121631113242393,medium
B0005,33,16,1.80210690024615,0.9707078432300706,85.0,0.9709012490281983,84.51,0.07988988608247766,medium
B0005,35,17,1.802579500826209,0.9709624103091467,84.0,0.9709729014953745,82.60333333333334,0.08833575503605784,low
B0005,37,18,1.8030683142834096,0.9712257104811376,83.0,0.9711817172182845,81.05666666666667,0.09605043858091783,low
B0005,39,19,1.8027776247196041,0.9710691300699019,82.0,0.9711126421602423,80.61333333333333,0.0954845117784161,low
B0005,42,20,1.8470259949329193,0.9949035873989017,81.0,0.9947636466883099,82.5,0.02375826509310064,medium
B0005,46,21,1.847417311283644,0.995114370594272,80.0,0.9948856109249316,80.86333333333333,0.02551528233477185,medium
B0005,50,22,1.8361774213478947,0.9890599854098058,79.0,0.9888376005966106,79.78,0.0488460517828217,medium
B0005,54,23,1.8257807475776242,0.9834597999985366,78.0,0.9836066796696917,78.90333333333334,0.049982642417201295,medium
B0005,58,24,1.8251136435078368,0.9831004632950897,77.0,0.9832116474304307,78.41666666666667,0.05698190904498274,medium
B0005,62,25,1.8255815042203762,0.9833524772367372,76.0,0.9831906257463139,75.21,0.08641718357278078,low
B0005,66,26,1.8140311275083907,0.9771308478400268,75.0,0.9769899498672502,75.62666666666667,0.07021827591010499,medium
B0005,70,27,1.8147691941158939,0.9775284086310274,74.0,0.9772236478116926,73.91,0.0875717817161874,low
B0005,74,28,1.813969388710352,0.9770975921350076,73.0,0.9769734308395607,73.21666666666667,0.08625624443208457,low
B0005,78,29,1.802765665167823,0.9710626880376818,72.0,0.9711868902933312,73.73,0.07389106655443362,medium
B0005,82,30,1.804077040117352,0.9717690623092355,71.0,0.9715611104544112,72.95,0.09133743938470551,low
B0005,86,31,1.8518025516704486,0.9974764875349146,70.0,0.9968147034516566,69.93333333333334,0.043632231033407076,medium
B0005,90,32,1.8307038456739428,0.9861116348782737,69.0,0.9867738504103717,68.22333333333333,0.06561646420965822,medium
B0005,94,33,1.8199041089501267,0.9802943389447215,68.0,0.9814189810860378,68.03,0.06551375432621104,medium
B0005,98,34,1.8093079637028517,0.9745867078945714,67.0,0.9752286740852583,67.32666666666667,0.06537482267571265,medium
B0005,102,35,1.80460990458052,0.9720560906279802,66.0,0.9717333074292499,66.87333333333333,0.06537037093916087,medium
B0005,106,36,1.7993770651972192,0.9692374130950105,65.0,0.9697243842679993,63.873333333333335,0.08141943567462845,medium
B0005,110,37,1.7884432335370462,0.9633478867036308,64.0,0.9641792020056429,62.946666666666665,0.07465850379127009,medium
B0005,114,38,1.7829230484252723,0.9603744299218223,63.0,0.9611085568390778,62.21666666666667,0.07955394204463212,medium
B0005,118,39,1.7730337158018288,0.9550475246530081,62.0,0.9548365094995357,57.89333333333333,0.06459329568935007,medium
B0005,122,40,1.773037755078937,0.9550497004162602,61.0,0.9544492120358827,58.766666666666666,0.08301699012773711,medium
B0005,126,41,1.7678721106662054,0.9522672175646096,60.0,0.9525901353754862,58.46,0.09084705338394483,low
B0005,130,42,1.7623150704093087,0.9492739086983165,59.0,0.9496722778309123,57.086666666666666,0.08947062222344593,low
B0005,134,43,1.7676172924938447,0.9521299593373235,58.0,0.9525155468713651,57.52,0.08174769451343616,medium
B0005,136,44,1.762668359743147,0.9494642085785509,57.0,0.9497959410893148,56.64333333333333,0.08513416672812657,low
B0005,140,45,1.7517304870664143,0.9435725054869607,56.0,0.9449889959148702,54.983333333333334,0.07961265821160995,medium
B0005,144,46,1.7418496047960008,0.9382501520146926,55.0,0.9389558111934919,53.056666666666665,0.06621484308873937,medium
B0005,148,47,1.7360913511847138,0.935148459244402,54.0,0.9363191067120452,52.44,0.06727131348548215,medium
B0005,150,48,1.7936240148573608,0.9661385230754256,53.0,0.9656401713479498,52.60333333333333,-0.020052017368801245,high
B0005,154,49,1.7831890223273275,0.9605176972012408,52.0,0.9613522214798845,52.89666666666667,0.01757581848812817,medium
B0005,158,50,1.7673642076278957,0.9519936347583842,51.0,0.9521456754170078,52.02,0.06701186623145605,medium
B0005,162,51,1.7570177850353066,0.9464205172265512,50.0,0.9469009123219451,50.49,0.07895404683364637,medium
B0005,166,52,1.7468706179837907,0.9409547290193551,49.0,0.9424396526245882,50.72,0.08249764557620276,medium
B0005,170,53,1.7417172507457144,0.9381788592880077,48.0,0.9386680956764815,48.45333333333333,0.08177781123469607,medium
B0005,174,54,1.7364225056478186,0.9353268361401414,47.0,0.9358736664438777,48.11,0.07457336706720841,medium
B0005,178,55,1.7263217239235826,0.92988603346571,46.0,0.9317454553300896,45.92,0.08936666882387106,low
B0005,182,56,1.7158065389330133,0.9242220117908766,45.0,0.9237822507655774,45.49,0.08225702570541382,medium
B0005,186,57,1.710533351135192,0.9213816005181208,44.0,0.9217906720737454,44.16,0.08285761166702432,medium
B0005,190,58,1.706014499648521,0.9189475137389712,43.0,0.9198307119833877,43.11,0.07988529165311214,medium
B0005,194,59,1.7003110272642588,0.9158753289666399,42.0,0.9173653060456686,42.333333333333336,0.07470415275435816,medium
B0005,198,60,1.6945798601797895,0.9127882263985312,41.0,0.9142682619024004,41.32666666666667,0.07902270683444534,medium
B0005,202,61,1.6849029086609286,0.9075757205607075,40.0,0.9096216002373728,40.74333333333333,0.07720676303301188,medium
B0005,206,62,1.6744741591159717,0.9019582574806932,39.0,0.9030619362702065,38.54,0.07002206022947022,medium
B0005,210,63,1.6745692479879102,0.902009477257823,38.0,0.9019930911108662,37.53666666666667,0.07593292034760812,medium
B0005,214,64,1.663716375981405,0.896163559916933,37.0,0.8980167488460696,36.58,0.07020930784557317,medium
B0005,216,65,1.659013868748246,0.893630546668135,36.0,0.895385216200111,35.88333333333333,0.06112803283439522,medium
B0005,220,66,1.6538540573335014,0.8908512057704355,35.0,0.8912248776114948,34.75,0.07960472134121482,medium
B0005,224,67,1.642653782130131,0.8848181591266643,34.0,0.8868225149565596,33.28,0.07622667953312623,medium
B0005,228,68,1.6378578430223698,0.8822348186450748,33.0,0.8839288906489822,31.496666666666666,0.08408558502377783,medium
B0005,232,69,1.6327350407099108,0.8794754127611387,32.0,0.8808129477059449,31.366666666666667,0.08604058371246354,low
B0005,236,70,1.6277528915533617,0.8767917699307696,31.0,0.8773006754307691,30.376666666666665,0.08551554853964932,low
B0005,240,71,1.622125485521159,0.8737605584239754,30.0,0.8746618908700057,29.316666666666666,0.08831891829794575,low
B0005,244,72,1.6113256603765849,0.8679432148624366,29.0,0.8685217922167283,28.926666666666666,0.08641924013437002,low
B0005,248,73,1.6065631397488385,0.865377875300024,28.0,0.8661010115646879,27.523333333333333,0.09378755065288502,low
B0005,252,74,1.6015142233917594,0.8626582682073705,27.0,0.863762011905926,26.31,0.09079682105348391,low
B0005,256,75,1.590369231400328,0.8566549999565574,26.0,0.8577713111385186,26.076666666666668,0.08749019533635266,low
B0005,260,76,1.5857889968242211,0.854187849075412,25.0,0.8549034404048609,24.596666666666668,0.09461811098301565,low
B0005,264,77,1.5849430707374117,0.853732189598637,24.0,0.8543328397876654,23.35333333333333,0.08895294998230402,low
B0005,266,78,1.5955263892495937,0.8594329115068511,23.0,0.8599585820943082,23.31,0.07325417275058332,medium
B0005,270,79,1.5747301747801037,0.8482309964083232,22.0,0.8507304784507875,22.196666666666665,0.08776167124495038,low
B0005,274,80,1.5649019950937946,0.8429370312695894,21.0,0.8442009203607622,20.583333333333332,0.07855103679247799,medium
B0005,278,81,1.5597659473370362,0.8401704907053151,20.0,0.8402119635190598,19.80666666666667,0.08737273280439123,low
B0005,282,82,1.5594815668184234,0.8400173086716403,19.0,0.8397331311926495,18.973333333333333,0.10080806362938427,low
B0005,286,83,1.55468935359061,0.8374359751414073,18.0,0.8381305620390794,17.956666666666667,0.0964958360382519,low
B0005,290,84,1.5488741079890418,0.8343035835418966,17.0,0.8343527761067154,16.543333333333333,0.10104535719743835,low
B0005,294,85,1.538236598942558,0.8285736718133292,16.0,0.8293186851757832,16.02,0.10362058209518543,low
B0005,298,86,1.527914258251028,0.8230135260370756,15.0,0.8233763534345395,14.013333333333334,0.09134796785665011,low
B0005,302,87,1.5285252629756445,0.8233426447360579,14.0,0.8232139656116828,13.21,0.10567558072660149,low
B0005,306,88,1.522647325284378,0.8201764839394088,13.0,0.8204489519234113,12.486666666666666,0.10419508727076876,low
B0005,310,89,1.5174859938489869,0.8173963242800902,12.0,0.8176705293151104,10.62,0.10309495846121253,low
B0005,313,90,1.605818899130659,0.8649769888680268,11.0,0.8640683038025649,13.243333333333334,-0.005978044562684914,medium
B0005,316,91,1.5638491446744425,0.8423699116610504,10.0,0.8426378237880197,11.3,0.05824298835176267,medium
B0005,320,92,1.5480915247767786,0.8338820438085877,9.0,0.834158699762064,9.376666666666667,0.08042824946952581,medium
B0005,324,93,1.5323755631868592,0.8254166152720488,8.0,0.8262628551854518,9.06,0.09114926065288015,low
B0005,328,94,1.5269528268489705,0.8224956494324317,7.0,0.8229063142739955,7.9,0.10223804936228786,low
B0005,332,95,1.5169573017136326,0.8171115433925789,6.0,0.8177956401507616,7.093333333333334,0.07624571982309708,medium
B0005,336,96,1.5118975960142693,0.8143861246029738,5.0,0.8148595948680258,5.493333333333333,0.10238742818745161,low
B0005,340,97,1.5065638960681105,0.811513118362076,4.0,0.8121563381450154,4.403333333333333,0.10528414973262973,low
B0005,344,98,1.5015453526671363,0.8088098717121404,3.0,0.8097803055615361,3.5233333333333334,0.10792258560565987,low
B0005,348,99,1.4908444050400238,0.8030457886878684,2.0,0.8039032721457773,1.9066666666666667,0.10247531528553272,low
B0005,352,100,1.485868384561201,0.8003654470798278,1.0,0.8002250005983329,0.9066666666666666,0.10596964215312893,low
B0005,356,101,1.480413677976106,0.7974272604140161,0.0,0.7975672013358692,0.09,0.10562625890759086,low
B0005,360,102,1.4752095869031632,0.7946240682056631,0.0,0.7954419135354062,0.03666666666666667,0.10094835172539884,low
B0005,364,103,1.4859035988304024,0.8003844153038009,0.0,0.7997888228708072,0.3,0.09822248630537683,low
B0005,367,104,1.4960918298136696,0.8058723226653155,0.0,0.8065036338562273,1.3566666666666667,0.06867950480739826,medium
B0005,371,105,1.4808005946928984,0.7976356737393387,0.0,0.7980903153899565,0.03666666666666667,0.0881042333851011,low
B0005,375,106,1.4697543268466824,0.79168558341158,0.0,0.7929208547707106,0.0033333333333333335,0.09336548134316125,low
B0005,379,107,1.4539012274845928,0.7831462853887025,0.0,0.7837186191371521,0.0,0.0960438190846703,low
B0005,383,108,1.4541462067235693,0.7832782438583529,0.0,0.7833377939613384,0.0,0.10178549725405533,low
B0005,387,109,1.455023751906683,0.7837509350133121,0.0,0.7834573708336667,0.0,0.09008192022578615,low
B0005,391,110,1.449042163761236,0.7805289427291894,0.0,0.7810083520833733,0.0,0.09083736372673212,low
B0005,395,111,1.4386709371480566,0.7749424644709048,0.0,0.7754408348998312,0.06,0.0991141396807102,low
B0005,399,112,1.433445432156979,0.7721277376203588,0.0,0.7723857016521748,0.0,0.10518504848509486,low
B0005,403,113,1.4333958900838095,0.7721010517012333,0.0,0.772179855086686,0.0,0.10467519712404516,low
B0005,407,114,1.42806487344776,0.7692294908297354,0.0,0.7687786666651056,0.0,0.09907670840029492,low
B0005,411,115,1.4229203181741186,0.7664583676775116,0.0,0.7668296352612952,0.0,0.10239472933966681,low
B0005,415,116,1.417429032731308,0.7635004777498812,0.0,0.7633469994521458,0.0,0.11185428742146142,low
B0005,419,117,1.412409228794446,0.7607965521102183,0.0,0.7607493751100808,0.0,0.11645814077789207,low
B0005,423,118,1.412578792940193,0.7608878881159705,0.0,0.760921500978617,0.0,0.1045491127804567,low
B0005,427,119,1.4075983731469897,0.7582051768100095,0.0,0.7585934223160002,0.0,0.0867848811914182,low
B0005,431,120,1.4333920485221476,0.7720989824377313,0.0,0.7719279480036717,0.0,0.07928710225318708,medium
B0005,433,121,1.4382550176792908,0.7747184287655712,0.0,0.7738938164314489,0.0,0.0614879743427752,medium
B0005,437,122,1.4173547174485526,0.7634604477007023,0.0,0.7634010785495671,0.0,0.09197469779612477,low
B0005,441,123,1.406981663677643,0.7578729852409039,0.0,0.7586384174521236,0.0,0.10243976791570131,low
B0005,445,124,1.4012037783587625,0.7547607178190572,0.0,0.7553484291270647,0.0,0.10677458162028597,low
B0005,449,125,1.3967008232726328,0.7523351936621817,0.0,0.7524717761375757,0.0,0.10652132299255462,low
B0005,453,126,1.391284788852726,0.7494178378216989,0.0,0.7499937175783737,0.0,0.09945932005617208,low
B0005,457,127,1.3862287677978349,0.7466944037718938,0.0,0.7469391549400735,0.0,0.10960058311554599,low
B0005,461,128,1.3804366761974138,0.74357448411315,0.0,0.7435549833333636,0.0,0.10831690576787306,low
B0005,465,129,1.3752364150256224,0.740773354887346,0.0,0.7410828038321301,0.0,0.10516857161282467,low
B0005,469,130,1.3705128024895008,0.7382289732324248,0.0,0.7383080465390528,0.0,0.10721620316428299,low
B0005,473,131,1.3705085566270399,0.7382266861916329,0.0,0.7380594830852071,0.0,0.10972711734259999,low
B0005,477,132,1.3647355108681518,0.7351170256067291,0.0,0.735544089708573,0.0,0.1093863480944926,low
B0005,481,133,1.375392016895762,0.7408571700903981,0.0,0.7409316630000863,0.0,0.08795598610960925,low
B0005,483,134,1.3861115151535393,0.746631245442362,0.0,0.7472234223604423,0.0,0.06878306981276155,medium
B0005,485,135,1.3698500035838939,0.7378719555127383,0.0,0.7384691838543891,0.0033333333333333335,0.08667258941425532,low
B0005,489,136,1.3647827949260758,0.735142495242232,0.0,0.7351465059887848,0.0,0.10403835576200521,low
B0005,493,137,1.3543220466259964,0.7295077959801872,0.0,0.730085188006011,0.03666666666666667,0.09777556235680507,low
B0005,497,138,1.3546417018378962,0.7296799787853683,0.0,0.7295376514297224,0.0,0.1027867790167093,low
B0005,501,139,1.3547039213192407,0.7297134934112401,0.0,0.7302287459390566,0.0,0.08588011914864946,low
B0005,505,140,1.349314997503458,0.7268107407422197,0.0,0.7272014207482252,0.0,0.10295148286347977,low
B0005,509,141,1.3441891937970554,0.7240497181525036,0.0,0.7238498239993716,0.0,0.10858958892170101,low
B0005,513,142,1.3389913790695755,0.7212499067079483,0.0,0.7211449739854113,0.0,0.10979962336782834,low
B0005,517,143,1.3389145230206971,0.721208508070922,0.0,0.7209983166402419,0.0,0.10229386466798096,low
B0005,521,144,1.3340066759761655,0.7185648881952921,0.0,0.7190792747777294,0.0,0.10606980508643565,low
B0005,525,145,1.3286444309174914,0.7156765060826296,0.0,0.7160781305085044,0.0,0.11110778716618397,low
B0005,529,146,1.3231708992276219,0.7127281792431958,0.0,0.7125910768615137,0.0,0.1064551889063558,low
B0005,533,147,1.3181691588445197,0.7100339835664494,0.0,0.7097739849270033,0.0,0.09708778079604646,low
B0005,537,148,1.3184664436640334,0.7101941165230103,0.0,0.7097566612802801,0.0,0.1022204226323824,low
B0005,541,149,1.318293040102702,0.7101007124097442,0.0,0.7097845533181782,0.0,0.10443813781014322,low
B0005,545,150,1.323872422244268,0.7131060557689289,0.0,0.7128962713107341,0.0,0.0728702768042766,medium
B0005,548,151,1.3601216766554785,0.7326317762261326,0.0,0.7316004953418171,0.0,0.059200445321360595,medium
B0005,552,152,1.3395306867947354,0.721540405700353,0.0,0.7213103713613866,0.0,0.08727643786504247,low
B0005,556,153,1.3290286565120697,0.7158834698305493,0.0,0.7167826622114759,0.0,0.08911646685991398,low
B0005,560,154,1.3236741274998955,0.7129992439790138,0.0,0.7132630116836434,0.0,0.09312398365127267,low
B0005,564,155,1.318633896753293,0.7102843154047166,0.0,0.7103434632847261,0.0,0.09665150197410194,low
B0005,568,156,1.3134751321324272,0.7075055383642601,0.0,0.7078785691457604,0.0,0.07961782170212323,medium
B0005,572,157,1.3132020634442203,0.7073584494666222,0.0,0.7075485212513386,0.0,0.09345555628851732,low
B0005,576,158,1.3077959946944353,0.704446461650727,0.0,0.7046268430980029,0.0,0.08987068317298869,low
B0005,580,159,1.3030329186405918,0.7018808229071344,0.0,0.7026656184873927,0.12333333333333334,0.07992015293684024,medium
B0005,584,160,1.3033573559038205,0.7020555815721221,0.0,0.7018999528567109,0.0,0.08872295475383402,low
B0005,588,161,1.3034100438655642,0.7020839620292978,0.0,0.7016847043364448,0.0,0.07973713550213296,medium
B0005,592,162,1.2978870806495706,0.699109008817086,0.0,0.6991261933040459,0.0,0.08844567383942564,low
B0005,596,163,1.2980735056918902,0.6992094269724848,0.0,0.699096515795088,0.0,0.07465146668263994,medium
B0005,600,164,1.293463613844243,0.6967263011532883,0.0,0.6973530573271551,0.0,0.06711896477901358,medium
B0005,604,165,1.288003392619118,0.6937851440175622,0.0,0.6950697080290599,0.0,0.054838557774074426,medium
B0005,608,166,1.2874525221379407,0.6934884167276275,0.0,0.6943690205107922,0.0,0.05392536018049532,medium
B0005,612,167,1.3090153642307354,0.705103277055252,0.0,0.7065697963161884,0.0,0.04614931152840346,medium
B0005,614,168,1.3250793286429356,0.7137561578838874,0.0,0.7161320901628817,0.0,0.0192931631550185,medium
B0006,2,1,2.035337591005598,1.0,60.0,0.9986065146216156,59.376666666666665,-0.07186468842658333,high
B0006,4,2,2.0251402460314116,0.9949898508143074,59.0,0.9955282076475572,58.87,-0.061444998683156005,high
B0006,6,3,2.013326371345464,0.9891854698908897,58.0,0.9892725236704523,57.64666666666667,-0.02551512120600441,high
B0006,8,4,2.0132846655407413,0.9891649790372313,57.0,0.9891936405893014,57.11,-0.014956757251993857,high
B0006,10,5,2.000528337624771,0.9828975529491258,56.0,0.9838026879960928,56.486666666666665,-0.01934251129064557,high
B0006,12,6,2.0138990759931645,0.989466850557287,55.0,0.9892902406533229,55.983333333333334,-0.03723444124742703,high
B0006,14,7,2.013101105626967,0.98907479256665,54.0,0.9891956956301518,55.24333333333333,-0.046248059213946036,high
B0006,16,8,1.9687898262728398,0.9673038197560735,53.0,0.9668459256849233,52.32,0.007761137706831289,medium
B0006,18,9,1.9681661764334244,0.9669974087497759,52.0,0.9667548785938596,52.19,0.010810752606384644,medium
B0006,20,10,1.9572307917560536,0.9616246466459876,51.0,0.9622293185665601,51.11,-0.007326088504311157,medium
B0006,22,11,1.9455991514129352,0.9559098009149796,50.0,0.9551002190389071,50.44,0.013681051250917453,medium
B0006,25,12,1.9347505044841131,0.9505796547137972,49.0,0.9486294417565585,49.39,0.017353618732279474,medium
B0006,27,13,1.9232799539368028,0.9449439554578114,48.0,0.9447404908647733,47.81666666666667,0.026545167395554792,medium
B0006,29,14,1.911889930948487,0.939347820920401,47.0,0.9379614456999106,47.31333333333333,0.03852153486907778,medium
B0006,31,15,1.9010667141979305,0.9340301690486008,46.0,0.9338620739212178,45.85,0.02079884940220511,medium
B0006,33,16,1.8891989948061458,0.9281993331989463,45.0,0.9262928962373763,44.68333333333333,0.008604329029256341,medium
B0006,35,17,1.878278372248849,0.9228338240050139,44.0,0.9218743219235283,43.416666666666664,0.04314614309534254,medium
B0006,37,18,1.8675697161520206,0.9175724579573611,43.0,0.9176395975301502,42.83,0.025960043225755625,medium
B0006,39,19,1.8675892574453767,0.9175820589657847,42.0,0.9172890326844209,42.29,0.04578662723175142,medium
B0006,42,20,1.979626548250818,0.9726281070025072,41.0,0.9725284095502829,49.04,-0.068681769447545,high
B0006,46,21,1.9575499080884022,0.9617814345585967,40.0,0.962405118095373,43.52,-0.023884593061406223,high
B0006,50,22,1.9458150170787551,0.956015859814876,39.0,0.9557127452096301,40.4,-0.037900389104768006,high
B0006,54,23,1.9242461121680094,0.945418647339628,38.0,0.9455019686770665,37.86,-0.01845343388242593,high
B0006,58,24,1.9459811331421641,0.9560974757905958,37.0,0.9557109621869927,37.623333333333335,-0.03956297154727684,high
B0006,62,25,1.901407930553079,0.9341978151219875,36.0,0.9335086357966802,36.656666666666666,-0.01572146104442762,high
B0006,66,26,1.878674213680085,0.923028308415357,35.0,0.9219802736710014,34.70333333333333,-0.028276211668070372,high
B0006,70,27,1.8683061328264219,0.9179342734506019,34.0,0.9174585765958507,33.77333333333333,0.016676907306251598,medium
B0006,74,28,1.8560244070082998,0.9119000283836427,33.0,0.9117843068790065,32.61666666666667,0.014811563325573207,medium
B0006,78,29,1.8451997961855777,0.9065816915777205,32.0,0.9051934952415686,32.60666666666667,0.000677894747148633,medium
B0006,82,30,1.857228890885317,0.9124918141799352,31.0,0.9120283939438777,31.76,0.02135628551579838,medium
B0006,86,31,1.9247760889090635,0.9456790349742867,30.0,0.9453493421933468,33.24333333333333,-0.014372925577083584,high
B0006,90,32,1.8822317526092551,0.9247761948322795,29.0,0.9236694759199104,30.823333333333334,0.01825592308053048,medium
B0006,94,33,1.855276687885587,0.9115326597829658,28.0,0.9116149394862523,28.78,0.025770655408526855,medium
B0006,98,34,1.8392508917181876,0.9036588818710266,27.0,0.9013273210884701,28.123333333333335,0.021708505333932537,medium
B0006,102,35,1.8185396073994429,0.8934830346748316,26.0,0.8918988608063402,26.44333333333333,0.003866281740340982,medium
B0006,106,36,1.8134770059567056,0.8909956824708977,25.0,0.8898490646405831,26.183333333333334,0.014360016479913362,medium
B0006,110,37,1.7971018450305436,0.8829502550201761,24.0,0.8805616671173677,24.563333333333333,0.02322856624934877,medium
B0006,114,38,1.7810046294120476,0.8750413873759919,23.0,0.8731906317376502,22.916666666666668,0.023459690103341813,medium
B0006,118,39,1.7710130422682329,0.8701323309187394,22.0,0.8687582611071762,21.466666666666665,0.02742564476007836,medium
B0006,122,40,1.7604712448170943,0.864952945691579,21.0,0.8635461381320704,20.686666666666667,0.045057979833022455,medium
B0006,126,41,1.7502913788006587,0.859951384249673,20.0,0.8594155012811371,19.99,0.06969634191216362,medium
B0006,130,42,1.7394925037732578,0.8546456919285944,19.0,0.8526001298675058,18.11,0.06017471605795843,medium
B0006,134,43,1.7546766553637203,0.8621059538809914,18.0,0.8606137073218466,18.376666666666665,0.024752487211514573,medium
B0006,136,44,1.7659390941842175,0.867639403894526,17.0,0.8654837852937635,17.753333333333334,0.05152087085496382,medium
B0006,140,45,1.7337887419624838,0.8518433254632082,16.0,0.8499101211927561,15.88,0.049116923555915404,medium
B0006,144,46,1.713325912040734,0.8417895486292435,15.0,0.840670819180789,13.86,0.03604983812297097,medium
B0006,148,47,1.7024077813673466,0.8364252637451849,14.0,0.8352822146206847,12.513333333333334,0.03453341078144356,medium
B0006,150,48,1.82371946178183,0.8960279954741002,13.0,0.8953740514048434,19.216666666666665,-0.05729092284554693,high
B0006,154,49,1.8081284050314708,0.8883678132914206,12.0,0.8871824898928234,16.06,0.01879567405659066,medium
B0006,158,50,1.7757610945034283,0.8724651391251901,11.0,0.8705499149346129,12.72,0.03877672508411145,medium
B0006,162,51,1.7447409841836798,0.8572243699983239,10.0,0.8554816650417794,10.843333333333334,0.03599354315689768,medium
B0006,166,52,1.729207034132373,0.8495922454210777,9.0,0.8476363720868569,9.726666666666667,0.053770314525409535,medium
B0006,170,53,1.7081086552553244,0.8392262113192732,8.0,0.8386926362887676,9.956666666666667,0.039149286382570314,medium
B0006,174,54,1.6975954237461768,0.8340608610817466,7.0,0.8327520121456053,8.22,0.04603026215225059,medium
B0006,178,55,1.6820634524029463,0.8264297086813447,6.0,0.8237479839019853,5.516666666666667,0.04177734381550352,medium
B0006,182,56,1.6714768322295086,0.821228301199745,5.0,0.8186219817670836,4.5,0.047369029254759665,medium
B0006,186,57,1.6607591387047655,0.8159624948921792,4.0,0.8136191243564732,3.513333333333333,0.04765986233543262,medium
B0006,190,58,1.651121015038069,0.8112271017518528,3.0,0.8094857980633834,2.66,0.04056238977540999,medium
B0006,194,59,1.6401349256190927,0.8058294274458677,2.0,0.802417441187757,1.97,0.05996670334397114,medium
B0006,198,60,1.6291999416165441,0.8004568622012265,1.0,0.796223480835525,1.0866666666666667,0.06196279619662348,medium
B0006,202,61,1.6088496302961666,0.7904583678923177,0.0,0.7890782793979558,0.06333333333333334,0.050600053050022686,medium
B0006,206,62,1.6035244898969248,0.7878420253146665,0.0,0.7873676959578733,0.01,0.04629678147972993,medium
B0006,210,63,1.5989712144027983,0.7856049146190022,0.0,0.7847645019639794,0.0,0.05279658007161003,medium
B0006,214,64,1.5876273123575604,0.780031440176547,0.0,0.7796390629962576,0.08666666666666667,0.0470378474549184,medium
B0006,216,65,1.5829719744686166,0.7777441842886215,0.0,0.777423639977732,0.05333333333333334,0.06156958440966542,medium
B0006,220,66,1.567137636713563,0.7699644735295673,0.0,0.7683078103044132,0.016666666666666666,0.06394806353816063,medium
B0006,224,67,1.5613446139713882,0.7671182514739364,0.0,0.7647651294514586,0.01,0.06971826836486511,medium
B0006,228,68,1.5511711892790419,0.762119854776846,0.0,0.7606202637760121,0.0,0.07520570725103531,medium
B0006,232,69,1.5406741606295171,0.7569624653118686,0.0,0.7564894263093939,0.0,0.0689823613660977,medium
B0006,236,70,1.5253138744624433,0.7494156650980108,0.0,0.7501889339528257,0.0,0.05570122769056729,medium
B0006,240,71,1.5301570318067428,0.7517952002501654,0.0,0.7511135560194191,0.0,0.08775111906424593,low
B0006,244,72,1.5246566834474087,0.7490927746753414,0.0,0.749191779362218,0.0,0.08149465605233819,medium
B0006,248,73,1.5145492986655427,0.744126824640059,0.0,0.7438125339071704,0.0,0.08578326970174627,low
B0006,252,74,1.509391504602082,0.7415927024943012,0.0,0.7409188054207836,0.0,0.08957544556749608,low
B0006,256,75,1.5039974333050705,0.7389424928579005,0.0,0.7379741142049623,0.0,0.08873531319095718,low
B0006,260,76,1.4935201918040188,0.7337948251946333,0.0,0.7332081322087761,0.0,0.08323345067741111,medium
B0006,264,77,1.4876323024497422,0.7309019933714036,0.0,0.7305323402389715,0.0,0.08648191196015137,low
B0006,266,78,1.5302876214401704,0.7518593614163546,0.0,0.7499213930384133,0.0,0.0701160394922658,medium
B0006,270,79,1.5040760088360112,0.7389810985080334,0.0,0.7382373725375238,0.0,0.09359125485329467,low
B0006,274,80,1.4887593608730894,0.7314557385723608,0.0,0.7309362945145994,0.0,0.07216537773191095,medium
B0006,278,81,1.4782779285546637,0.7263060118809538,0.0,0.7267642676836913,0.0,0.09341975334175345,low
B0006,282,82,1.478459982215684,0.7263954583009604,0.0,0.7257119534186905,0.0,0.10177908319285939,low
B0006,286,83,1.473214844899973,0.7238184227571322,0.0,0.7229088144014587,0.0,0.10433172242834088,low
B0006,290,84,1.4675164935067897,0.7210187145326269,0.0,0.7201082139641183,0.0,0.10691485173776732,low
B0006,294,85,1.4516292657521335,0.7132130179126343,0.0,0.7131255955328432,0.0,0.09517373640567794,low
B0006,298,86,1.4519237720967177,0.7133577144710262,0.0,0.7126819344402474,0.0,0.09058863332067374,low
B0006,302,87,1.4471484694777745,0.711011517633683,0.0,0.710844803672111,0.0,0.09998418143929072,low
B0006,306,88,1.4468538105659885,0.7108667461161282,0.0,0.7103539653291974,0.0,0.10371323150397382,low
B0006,310,89,1.4416741930284678,0.708321901683239,0.0,0.7082925309843404,0.0,0.10226627740734812,low
B0006,313,90,1.5935866593100128,0.7829593804744059,0.0,0.7795978064137128,0.013333333333333334,-0.040937043902915415,high
B0006,316,91,1.5463902376915637,0.759770882494014,0.0,0.7560305898318042,0.013333333333333334,0.03742972673592149,medium
B0006,320,92,1.51470559175661,0.7442036144029749,0.0,0.7435157673428796,0.0,0.06728529877151301,medium
B0006,324,93,1.4989786083335404,0.7364766488653811,0.0,0.7338869810947898,0.0,0.07433829060901054,medium
B0006,328,94,1.4831110745410492,0.7286806282628964,0.0,0.7287539859184434,0.0,0.0822545920676761,medium
B0006,332,95,1.4729664825468278,0.7236963976177928,0.0,0.7242182400849836,0.10333333333333333,0.06564145720495901,medium
B0006,336,96,1.4627604396099307,0.7186819749578868,0.0,0.7199306454306541,0.06333333333333334,0.08860216255336578,low
B0006,340,97,1.4518364681062514,0.7133148203630159,0.0,0.7139581092262536,0.0,0.0921547396726291,low
B0006,344,98,1.4468670644030392,0.7108732579778997,0.0,0.7112337240255941,0.0,0.10302921617061594,low
B0006,348,99,1.441380399427779,0.7081775553094546,0.0,0.7086766040816208,0.0,0.10922431969539032,low
B0006,352,100,1.431210744960774,0.7031810109956533,0.0,0.7037071558477397,0.0,0.10489595053492684,low
B0006,356,101,1.4260247179525716,0.7006330174681323,0.0,0.7011789616907755,0.0,0.10274574371625989,low
B0006,360,102,1.420487649966195,0.6979125508434085,0.0,0.6995242842966899,0.0,0.11197298336216421,low
B0006,364,103,1.4207006230355006,0.6980171885557206,0.0,0.6980892705997434,0.0,0.06623854680789587,medium
B0006,367,104,1.452255804330839,0.7135208482113887,0.0,0.711375699629252,0.0,0.06969808261532073,medium
B0006,371,105,1.431557632772571,0.7033514435633659,0.0,0.7028438701326255,0.0,0.08746874397867294,low
B0006,375,106,1.415015751158943,0.6952241030736463,0.0,0.6947758284717667,0.0,0.07743761054214704,medium
B0006,379,107,1.4097311506517451,0.6926276785146194,0.0,0.6926669391704963,0.0,0.10199212072314467,low
B0006,383,108,1.404917318129309,0.6902625512041874,0.0,0.690303282330108,0.0,0.10680042593299177,low
B0006,387,109,1.395164296571563,0.6854707065486149,0.0,0.6853215465227819,0.0,0.0831757651671593,medium
B0006,391,110,1.3945343832614077,0.6851612181802287,0.0,0.6850074044228722,0.0,0.08444592090419728,low
B0006,395,111,1.3893171179312644,0.6825978766720686,0.0,0.68224407132212,0.0,0.097615401298083,low
B0006,399,112,1.3838379472327809,0.6799058560840853,0.0,0.6794115736651093,0.0,0.10352093486530184,low
B0006,403,113,1.3736814238195123,0.674915763306282,0.0,0.6754092268880014,0.0,0.0655330247499003,medium
B0006,407,114,1.3786059891863676,0.6773352957654757,0.0,0.6767692945028526,0.0,0.07452741753560121,medium
B0006,411,115,1.3737600299108574,0.6749543839713218,0.0,0.6752549821554761,0.0,0.0877989948361409,low
B0006,415,116,1.3682580583942712,0.6722511609085237,0.0,0.6723836522288423,0.0,0.09026047848646135,low
B0006,419,117,1.3633024037317505,0.6698163536881292,0.0,0.6696176863309599,0.0,0.09257096800350628,low
B0006,423,118,1.3580966140172601,0.6672586503678076,0.0,0.667265544657049,0.0,0.08516513331753967,low
B0006,427,119,1.353269090999531,0.6648867966571198,0.0,0.666005158564491,0.0,0.05161700147277287,medium
B0006,431,120,1.3841605738237488,0.6800643686533974,0.0,0.6785874993847617,0.0,0.04495630862292893,medium
B0006,433,121,1.4051467790651473,0.6903752897183545,0.0,0.6907785661965805,0.0,0.038648086820220584,medium
B0006,437,122,1.378719022627353,0.6773908312410081,0.0,0.6776746801379225,0.0,0.0753941141600386,medium
B0006,441,123,1.3682657783199066,0.6722549538545536,0.0,0.6726231712649856,0.0,0.09990274593277537,low
B0006,445,124,1.3573151296618016,0.6668746922672389,0.0,0.6678905056825085,0.0,0.08361708627713538,medium
B0006,449,125,1.3524934638801596,0.6645057163278422,0.0,0.6646963000559196,0.0,0.10466453900524375,low
B0006,453,126,1.3474099151661236,0.6620080723318286,0.0,0.6623249590087026,0.0,0.08177407487085708,medium
B0006,457,127,1.3370075130842318,0.656897174696045,0.0,0.6582299449556565,0.0,0.08161859128230259,medium
B0006,461,128,1.3312352966718526,0.6540611751852576,0.0,0.6539826842054699,0.0,0.0822258368075009,medium
B0006,465,129,1.3259303781727643,0.6514547680110712,0.0,0.6510907846106567,0.0,0.08750748634506522,low
B0006,469,130,1.321578743867529,0.6493167274597319,0.0,0.6496845341964178,0.0,0.07245120044727327,medium
B0006,473,131,1.321225074066109,0.6491429627717592,0.0,0.6492677421333851,0.0,0.08934264539642506,low
B0006,477,132,1.3156485301862682,0.6464031008911139,0.0,0.6463794256277561,0.0,0.08440941876964825,medium
B0006,481,133,1.3209025697502388,0.648984510278524,0.0,0.6493998627879791,0.0,0.051209740198403575,medium
B0006,483,134,1.3474328767273906,0.6620193537828117,0.0,0.6601863591107625,0.0,0.0671032381383807,medium
B0006,485,135,1.3260128072353616,0.6514952669744675,0.0,0.6500113032636334,0.0,0.07201633067082691,medium
B0006,489,136,1.3101186784831063,0.6436861797633369,0.0,0.644728639776463,0.0,0.0823612034125285,medium
B0006,493,137,1.30521620229393,0.6412775001365069,0.0,0.6412803614920056,0.0,0.06360301790279005,medium
B0006,497,138,1.3004061951355774,0.6389142523000749,0.0,0.6396860126655312,0.0,0.08104395468251707,medium
B0006,501,139,1.300235735841116,0.6388305024124815,0.0,0.6390952961072474,0.0,0.06995555324651603,medium
B0006,505,140,1.2895066722480755,0.6335591097744968,0.0,0.6345286172638005,0.0,0.06981276167173334,medium
B0006,509,141,1.279253057384795,0.6285213141239901,0.0,0.6286618020196395,0.0,0.06438694395812711,medium
B0006,513,142,1.2792078171714618,0.6284990867482796,0.0,0.6275833820308144,0.0,0.05993181142996762,medium
B0006,517,143,1.274036760902923,0.6259584486293798,0.0,0.6263993058077585,0.0,0.07621117785048198,medium
B0006,521,144,1.2741273923001468,0.6260029775555019,0.0,0.6256943639163065,0.0,0.07436033057188363,medium
B0006,525,145,1.2637639426440779,0.6209112179860495,0.0,0.6211823238294145,0.0,0.05380976306430513,medium
B0006,529,146,1.2581373688955233,0.618146775481072,0.0,0.6174847236332439,0.0,0.03436206824146626,medium
B0006,533,147,1.253259864055301,0.6157503647520722,0.0,0.6162512032756565,0.0,0.024944522473305142,medium
B0006,537,148,1.2532313315493426,0.6157363461901961,0.0,0.6160088355840295,0.0,0.04844604196284663,medium
B0006,541,149,1.2480874960313577,0.613209082142838,0.0,0.613742943606589,0.0,0.04670220183759749,medium
B0006,545,150,1.2534354284944844,0.6158366228941904,0.0,0.6151031880303435,0.0,0.001671505371432347,medium
B0006,548,151,1.2898048773266901,0.6337056235911395,0.0,0.6319249907439263,0.0,0.0118285234031964,medium
B0006,552,152,1.2635402021758835,0.620801290046241,0.0,0.6192661662598433,0.0,0.03620364779848062,medium
B0006,556,153,1.2479761706842853,0.6131543858862738,0.0,0.6135228073419463,0.0,0.042829188160489695,medium
B0006,560,154,1.2321202877943334,0.6053640895934027,0.0,0.6061572440289609,0.0,0.0456886035686071,medium
B0006,564,155,1.2271137666213534,0.6029042906907026,0.0,0.6031951329581109,0.0,0.03404774395342569,medium
B0006,568,156,1.2217397581377356,0.6002639382954212,0.0,0.5987917135875913,0.0,0.009011295046189138,medium
B0006,572,157,1.211102678915174,0.5950377393250057,0.0,0.5949812424610285,0.0,0.021756489924202982,medium
B0006,576,158,1.2056159765131735,0.5923420182680926,0.0,0.5923936383432205,0.0,0.01684520813667756,medium
B0006,580,159,1.2008936262717274,0.5900218379391315,0.0,0.5903482003007613,0.0,0.012483184683715343,medium
B0006,584,160,1.1905903985558335,0.5849596665522201,0.0,0.584732475251708,0.0,0.01277329254433246,medium
B0006,588,161,1.185179251041941,0.5823010670462684,0.0,0.5824103314362404,0.0,0.012405576245788197,medium
B0006,592,162,1.1796706818144624,0.5795946024028492,0.0,0.5796140446181994,0.0,0.00664509003045799,medium
B0006,596,163,1.1745952836753915,0.5771009629390571,0.0,0.5781855740263309,0.0,0.004693520650974503,medium
B0006,600,164,1.15381833159625,0.5668928519254556,0.0,0.5704536569170104,0.0,-0.060026321311288156,high
B0006,604,165,1.1644009557372264,0.5720922960804411,0.0,0.5721383029220735,0.0,-0.026533925397625335,high
B0006,608,166,1.1587974947916069,0.5693392093343496,0.0,0.5715840711620712,0.0,-0.043728647728224934,high
B0006,612,167,1.1749748834769171,0.5772874675283711,0.0,0.5782782691134323,0.0,-0.07329257963832803,high
B0006,614,168,1.1856752327929356,0.582544752296905,0.0,0.582372294379548,0.0,-0.07743846266584398,high
B0007,2,1,1.89105229539079,1.0,123.0,0.995354681564445,91.10333333333334,-0.08699997871236909,high
B0007,4,2,1.880637027686859,0.9944923428456648,122.0,0.9940436730340169,94.15666666666667,-0.07035924980485231,high
B0007,6,3,1.8806626717011388,0.9945059035569906,121.0,0.993662701335794,94.37333333333333,-0.06436030151384053,high
B0007,8,4,1.8807709009833444,0.9945631358622364,120.0,0.9936055009177248,91.83,-0.06330784029612502,high
B0007,10,5,1.8794508728285058,0.9938650969142624,119.0,0.9935405183491806,91.45,-0.055813768040948064,high
B0007,12,6,1.8807003517117404,0.9945258289766596,118.0,0.9964157517597237,94.52333333333333,-0.04198195028006746,high
B0007,14,7,1.8799352523566075,0.9941212397661985,117.0,0.9966423614980234,94.49333333333334,-0.04618894020954223,high
B0007,16,8,1.8815088124038797,0.9949533479268811,116.0,0.9965295293394274,84.10666666666667,-0.04069204747542854,high
B0007,18,9,1.8696907870385844,0.9887039039563995,115.0,0.9887417428952521,76.76333333333334,-0.03137059993953173,high
B0007,20,10,1.870052380139199,0.9888951165957833,114.0,0.9888177427750552,76.08666666666667,-0.038399157993783906,high
B0007,22,11,1.8700442394188577,0.9888908117331621,113.0,0.9887461771483167,66.75333333333333,-0.03697426230856227,high
B0007,25,12,1.8596518987766364,0.9833952785490447,112.0,0.9840167358781592,67.06,-0.03303936850202904,high
B0007,27,13,1.8590746560862206,0.9830900290898824,111.0,0.9840277027668992,66.79333333333334,-0.021362078684863284,high
B0007,29,14,1.8590084577709232,0.9830550230165661,110.0,0.984014961239943,67.1,-0.02774082923688992,high
B0007,31,15,1.8593622586957048,0.9832421151057928,109.0,0.984021600939583,66.98333333333333,-0.011474037952754146,high
B0007,33,16,1.8587355450601035,0.9829107051087616,108.0,0.9839773839113876,66.80666666666667,-0.01799146445705946,high
B0007,35,17,1.847817291322145,0.977137065868551,107.0,0.9778303603810177,64.36666666666666,-0.023586016274103838,high
B0007,37,18,1.8485252916137047,0.9775114607455649,106.0,0.9777693215604798,64.21,-0.021345019251640784,high
B0007,39,19,1.848378951850034,0.9774340753850292,105.0,0.977759972460687,64.38333333333334,-0.0207163370965755,high
B0007,42,20,1.8807805437609766,0.9945682350219243,104.0,0.996564159004653,77.91,-0.03772900528333678,high
B0007,46,21,1.8814721597443598,0.9949339657767368,103.0,0.996463811428893,67.05666666666667,-0.05496377898894056,high
B0007,50,22,1.8810954313244785,0.994734749488113,102.0,0.996541199015818,67.40666666666667,-0.030281246293509256,high
B0007,54,23,1.8710089649779995,0.9894009644991608,101.0,0.9890096085185102,67.63333333333334,-0.025803968417924872,high
B0007,58,24,1.8701995151941375,0.9889729225111973,100.0,0.9891054536002779,67.71,-0.033161636706033004,high
B0007,62,25,1.8706715362800985,0.9892225301434724,99.0,0.9886892763502951,64.14333333333333,-0.0195471169487057,high
B0007,66,26,1.8596124644020169,0.9833744254109715,98.0,0.9840180238991126,64.35666666666667,-0.020092354195523243,high
B0007,70,27,1.860033909718346,0.9835972882674648,97.0,0.9840169247802819,64.64,-0.01609968621896951,high
B0007,74,28,1.8591653109160768,0.9831379679174215,96.0,0.9838861742843409,64.06,-0.01798758059528993,high
B0007,78,29,1.8481398178778288,0.9773076198804469,95.0,0.9777714464461502,64.02,-0.015667351497262172,high
B0007,82,30,1.849201702126164,0.9778691507545129,94.0,0.9777898167643659,62.75333333333333,-0.014154689994762548,high
B0007,86,31,1.8834677437950846,0.9959892428071969,93.0,0.9967206754938573,63.67666666666667,-0.030362463769771142,high
B0007,90,32,1.8628211117905844,0.9850711777410832,92.0,0.9859457646930495,63.263333333333335,-0.025139305963743253,high
B0007,94,33,1.852085039652352,0.9793938772431541,91.0,0.980009589699047,63.156666666666666,-0.02116834470098572,high
B0007,98,34,1.8469504648208708,0.9766786827220949,90.0,0.9776384026269945,64.28666666666666,-0.025208020636034334,high
B0007,102,35,1.836828431169018,0.9713260895248977,89.0,0.9722473339260331,64.67,-0.023344926927715393,high
B0007,106,36,1.8371619619672275,0.9715024626474299,88.0,0.9716211793002765,63.03666666666667,-0.013705846756664974,high
B0007,110,37,1.8316722583718854,0.9685994738677316,87.0,0.9695315463717439,55.693333333333335,-0.010505564768732212,medium
B0007,114,38,1.8211470951317783,0.9630337032828774,86.0,0.9639876480823713,56.23,-0.011233758178107012,medium
B0007,118,39,1.816506091511515,0.960579512231908,85.0,0.9618371804171483,54.056666666666665,-0.015420734267473146,high
B0007,122,40,1.8113815601504555,0.9578696287593303,84.0,0.960340951051463,52.79666666666667,-0.009192948076228058,medium
B0007,126,41,1.8116056333939583,0.9579881200586186,83.0,0.9602417649664464,53.50333333333333,-0.012150262027215475,high
B0007,130,42,1.8060548955557403,0.9550528559986308,82.0,0.9536714756615416,52.63333333333333,-0.0091458682915726,medium
B0007,134,43,1.8132041826994056,0.9588334426916011,81.0,0.9614380801909866,52.46,-0.007087571009816607,medium
B0007,136,44,1.8062641938283535,0.955163534203101,80.0,0.9540758422404512,53.07,-0.014136751238290168,high
B0007,140,45,1.7958310249900458,0.9496464108196084,79.0,0.9503968901289174,52.26,-0.017782812802163317,high
B0007,144,46,1.7858852600390451,0.9443870295876657,78.0,0.9445420334885959,52.656666666666666,-0.019692214442966205,high
B0007,148,47,1.7803268604502753,0.9414477139472057,77.0,0.9439682294645078,50.946666666666665,-0.021171912465699605,high
B0007,150,48,1.8150756899575577,0.959823107156573,76.0,0.9619802280715178,46.85,-0.07787514206165935,high
B0007,154,49,1.8157025154845838,0.9601545763224729,75.0,0.9620853705646167,51.873333333333335,-0.059082663103404154,high
B0007,158,50,1.8002432178056673,0.9519796053200333,74.0,0.9534151170526216,51.193333333333335,-0.02381778075231933,high
B0007,162,51,1.7904476205609308,0.9467996336880419,73.0,0.9479351488304157,50.64666666666667,-0.019073678525653892,high
B0007,166,52,1.780343032300132,0.9414562657201504,72.0,0.9440090125835451,50.32333333333333,-0.01676754587516638,high
B0007,170,53,1.775328769596812,0.9388046929870528,71.0,0.9392044460865365,49.45333333333333,-0.017226288400139067,high
B0007,174,54,1.7702629734732853,0.9361258690667021,70.0,0.9374506428572471,48.23,-0.022450108726477236,high
B0007,178,55,1.760081061854204,0.9307416120348377,69.0,0.9331706345907944,46.52,0.0025061892268410935,medium
B0007,182,56,1.749647593537689,0.9252243302854406,68.0,0.9241825217785142,45.153333333333336,-0.01137401211281619,medium
B0007,186,57,1.749650075059311,0.9252256425292258,67.0,0.9236607411932676,45.3,-0.014560089757062356,high
B0007,190,58,1.745028739214683,0.9227818519180979,66.0,0.9223676733926784,44.50333333333333,-0.019408056954780428,high
B0007,194,59,1.7396457455286727,0.9199352919899929,65.0,0.9201274003943553,42.723333333333336,-0.020081420170571018,high
B0007,198,60,1.7285642277717963,0.9140753177397375,64.0,0.9145394558159249,41.97,-0.017732079699561365,high
B0007,202,61,1.723900324588418,0.9116090172599749,63.0,0.9146525835769451,41.74333333333333,-0.015341179907894187,high
B0007,206,62,1.7139788776485192,0.9063624955407813,62.0,0.9073836931587658,39.026666666666664,-0.019508116707528833,high
B0007,210,63,1.7139701997004613,0.9063579065888634,61.0,0.9075855451807547,38.88666666666666,-0.017633207467344092,high
B0007,214,64,1.7036521173638766,0.9009016416501656,60.0,0.898190009945931,38.413333333333334,-0.015600749611026643,high
B0007,216,65,1.7040137474382486,0.9010928738414982,59.0,0.9014839781268231,37.946666666666665,-0.01821982828438984,high
B0007,220,66,1.6935716157343033,0.8955710108399318,58.0,0.892965632418869,36.22,-0.00655924785043227,medium
B0007,224,67,1.6876577363877656,0.8924437153331117,57.0,0.8903866572575174,35.11666666666667,-0.010761482093219144,medium
B0007,228,68,1.6830744356583152,0.8900200379231206,56.0,0.8895990305745293,32.71,-0.012767743405985632,high
B0007,232,69,1.6779270142025482,0.8872980500287017,55.0,0.8877985474130048,31.736666666666668,-0.00710140359117839,medium
B0007,236,70,1.6732060275966172,0.884801563486559,54.0,0.8859576519352996,30.74,-0.007515681097030824,medium
B0007,240,71,1.6674367208253988,0.8817507188402843,53.0,0.8808317288585681,29.063333333333333,-0.006198427298970688,medium
B0007,244,72,1.6622662630667526,0.8790165492082501,52.0,0.8778681224567869,28.483333333333334,-0.006070220852690711,medium
B0007,248,73,1.6574243065763063,0.87645609305257,51.0,0.8760250238993144,27.406666666666666,-0.01032517738584715,medium
B0007,252,74,1.652538684928734,0.8738725464951953,50.0,0.875578898425422,26.436666666666667,-0.009299768916480988,medium
B0007,256,75,1.6472174627573322,0.8710586517211737,49.0,0.8694856004602103,25.313333333333333,-0.0062709218838546965,medium
B0007,260,76,1.6364136810898071,0.8653455460107404,48.0,0.8664492738971971,24.403333333333332,-0.007870350066462639,medium
B0007,264,77,1.6362554312048496,0.8652618625053486,47.0,0.865485793146748,23.836666666666666,-0.007670729399974929,medium
B0007,266,78,1.641119179218384,0.8678338421514901,46.0,0.8666080038515829,24.403333333333332,-0.01517506904928867,high
B0007,270,79,1.6315700789656966,0.8627842196339309,45.0,0.8640134499489968,22.976666666666667,-0.0037898943365205495,medium
B0007,274,80,1.621213282987236,0.8573074826850354,44.0,0.8587952341472666,20.246666666666666,-0.010481684856659568,medium
B0007,278,81,1.6164273214762122,0.8547766370163623,43.0,0.8565254741180688,20.06,-0.012182941978442718,high
B0007,282,82,1.615823510161921,0.8544573379066747,42.0,0.8565565836918616,19.92,-0.01047222434784445,medium
B0007,286,83,1.61672418029789,0.8549336177737964,41.0,0.8568314961006595,20.72,-0.002338002869872513,medium
B0007,290,84,1.6108655863730026,0.851835557535501,40.0,0.8558051999827065,19.83,-0.005103041710209588,medium
B0007,294,85,1.6006603374309376,0.8464389595847521,39.0,0.8505535539975208,18.766666666666666,-0.009300379774938694,medium
B0007,298,86,1.5959174487005663,0.8439308910654777,38.0,0.8444881440747789,17.316666666666666,-0.014078168708190675,high
B0007,302,87,1.5962179519462243,0.8440897990165642,37.0,0.8432776790660099,17.483333333333334,-0.009690060136602896,medium
B0007,306,88,1.5958065114633972,0.8438722267771133,36.0,0.8433196026018454,18.356666666666666,-0.010350040584245157,medium
B0007,310,89,1.5906507821480704,0.8411458456358337,35.0,0.8421531084234674,16.376666666666665,-0.017435836224066747,high
B0007,313,90,1.6888211161855506,0.893058917673428,34.0,0.8849039372273793,29.58,-0.07647980066948679,high
B0007,316,91,1.6259938279733204,0.8598354640622486,33.0,0.8617936277792673,12.806666666666667,-0.025555032850666515,high
B0007,320,92,1.6157433862812898,0.8544149679093845,32.0,0.8568277020039714,11.813333333333333,-0.02620726424769071,high
B0007,324,93,1.6056626764846538,0.8490842270191371,31.0,0.8542914825161321,13.053333333333333,-0.020059346136812373,high
B0007,328,94,1.5949746921524348,0.8434323556466374,30.0,0.8443984492938669,13.506666666666666,-0.012988766227874593,high
B0007,332,95,1.5904102438871945,0.8410186475348281,29.0,0.8419783572281302,15.903333333333334,-0.029539642999982796,high
B0007,336,96,1.5853517062988178,0.8383436619721834,28.0,0.8399254797751813,15.263333333333334,-0.013178006749455129,high
B0007,340,97,1.5799737147242376,0.8354997471911441,27.0,0.835444320765898,15.033333333333333,-0.012156819571592758,high
B0007,344,98,1.5752185465278068,0.8329851852152426,26.0,0.8343592825564403,14.363333333333333,-0.00869591061891628,medium
B0007,348,99,1.569798484648868,0.8301190234003898,25.0,0.8339097506670933,13.813333333333333,-0.00888733643788342,medium
B0007,352,100,1.5702565375950357,0.830361244595057,24.0,0.8335992077766444,14.07,-0.004584876826063677,medium
B0007,356,101,1.565249873909438,0.8277136902689282,23.0,0.832394415505427,12.55,-0.018012969836200265,high
B0007,360,102,1.559633933561147,0.8247439467235069,22.0,0.8300134451686397,11.886666666666667,-0.015926325522161666,high
B0007,364,103,1.5649820533392105,0.8275720651161599,21.0,0.8321486304777066,12.076666666666666,-0.013050449286447718,high
B0007,367,104,1.57497949984227,0.8328587758683834,20.0,0.8354058126949107,10.633333333333333,-0.02922552297430636,high
B0007,371,105,1.5652811168780458,0.8277302117414882,19.0,0.8334394615573009,11.283333333333333,-0.028040519459456625,high
B0007,375,106,1.559755497470126,0.8248082304608076,18.0,0.8299735738388209,10.573333333333334,-0.016492943155674178,high
B0007,379,107,1.549897685670499,0.8195953593923267,17.0,0.824530085111116,7.163333333333333,-0.02372116543484981,high
B0007,383,108,1.5438771531345021,0.8164116650277282,16.0,0.8196797656146674,5.846666666666667,-0.013733053021511288,high
B0007,387,109,1.5450187488690073,0.8170153478223752,15.0,0.819765728330694,5.903333333333333,-0.02155679189392168,high
B0007,391,110,1.5445940154102908,0.816790746176111,14.0,0.8195942640297024,5.8933333333333335,-0.016384023617358134,high
B0007,395,111,1.5343086721758876,0.8113517938745419,13.0,0.8141781064969296,4.11,-0.015840333393367212,high
B0007,399,112,1.5287603942958483,0.8084178306554588,12.0,0.8114176607054006,2.8733333333333335,-0.017484033959743295,high
B0007,403,113,1.5289260249179843,0.8085054171397351,11.0,0.8110741055482872,2.7333333333333334,-0.023697176740992143,high
B0007,407,114,1.529091650133123,0.8085930007647584,10.0,0.8107871782408395,2.716666666666667,-0.02672863581906504,high
B0007,411,115,1.5239059324661248,0.8058507616000151,9.0,0.8062850076827508,2.263333333333333,-0.023305733596444056,high
B0007,415,116,1.5186675419100615,0.8030806686899293,8.0,0.8029929994078526,1.53,-0.02175471785170313,high
B0007,419,117,1.5136482266426952,0.8004264241301146,7.0,0.8012802065395618,1.1133333333333333,-0.019021583207419646,high
B0007,423,118,1.5136050185229033,0.8004035754125528,6.0,0.8009458031520218,1.0966666666666667,-0.024437485637333944,high
B0007,427,119,1.5139470614867965,0.8005844498202711,5.0,0.8008243755944605,1.0966666666666667,-0.027304723526870744,high
B0007,431,120,1.5339599193158786,0.8111673712327889,4.0,0.8122020010124538,3.2066666666666666,-0.021977529773151816,high
B0007,433,121,1.5391372798653098,0.8139051911027366,3.0,0.8183035828801234,5.1866666666666665,-0.017213302078833648,high
B0007,437,122,1.5236247972838737,0.8057020955991137,2.0,0.8036448143134268,1.8133333333333332,-0.015506417555875784,high
B0007,441,123,1.5135813035589147,0.8003910347947992,1.0,0.8014173074309542,1.1133333333333333,-0.013285469840036312,high
B0007,445,124,1.5077850749847914,0.797325953734772,0.0,0.8002994218997083,1.0333333333333334,-0.011940121171824858,high
B0007,449,125,1.5031960676037333,0.7948992586125676,0.0,0.7991057503801361,0.9966666666666667,-0.007675860963365255,medium
B0007,453,126,1.4978220596995881,0.7920574504207775,0.0,0.7979414673954378,0.9766666666666667,-0.012220312970874891,high
B0007,457,127,1.492848534633516,0.7894274199989884,0.0,0.7952066367703148,0.9566666666666667,-0.004714886577340094,medium
B0007,461,128,1.492414389867026,0.7891978415957107,0.0,0.7900327927418807,0.9133333333333333,-0.0019130340831161607,medium
B0007,465,129,1.487482776538081,0.7865899743564149,0.0,0.7876380057453608,0.86,-0.01138967246114675,medium
B0007,469,130,1.482535148640411,0.783973638515397,0.0,0.783793969161625,0.8466666666666667,-0.010840776979076039,medium
B0007,473,131,1.4827874322228984,0.7841070476141841,0.0,0.7837708867184681,0.8466666666666667,-0.005873135039036637,medium
B0007,477,132,1.476971179775059,0.7810313778074761,0.0,0.7800642007654501,0.8266666666666667,-0.010342519202991007,medium
B0007,481,133,1.4819015554137276,0.7836385905485969,0.0,0.7842929962759129,0.8466666666666667,0.00016011605687360486,medium
B0007,483,134,1.4981366198874824,0.792223791768746,0.0,0.7974763818887417,0.9066666666666666,-0.005823364376320361,medium
B0007,485,135,1.4820775214392872,0.7837316424573085,0.0,0.784123356416001,0.8466666666666667,-0.009115843441745541,medium
B0007,489,136,1.4771155312812152,0.7811077117652985,0.0,0.7804075044878135,0.8266666666666667,-0.006578975559796141,medium
B0007,493,137,1.4720772783056488,0.7784434528297595,0.0,0.7788581501775393,0.81,-0.010609957491480526,medium
B0007,497,138,1.472248013656454,0.778533738725724,0.0,0.7788248053723476,0.8466666666666667,-0.003173474233970519,medium
B0007,501,139,1.4670106672274665,0.7757641979564112,0.0,0.7778844246614198,0.8266666666666667,-0.002437716140910373,medium
B0007,505,140,1.4617672495335379,0.7729914466651281,0.0,0.7770114505337886,0.8266666666666667,-0.0053987891412944355,medium
B0007,509,141,1.4566952670489708,0.7703093513592872,0.0,0.7756657484759342,0.81,-0.007678593410341827,medium
B0007,513,142,1.451354972758956,0.7674853711324945,0.0,0.7733680782800082,0.8,-0.004829953932953823,medium
B0007,517,143,1.451615926257375,0.7676233649357621,0.0,0.7731903328515185,0.8033333333333333,-0.006455995945590098,medium
B0007,521,144,1.4468161332173683,0.7650852050701119,0.0,0.7712428257776793,0.8166666666666667,0.0014060550720178533,medium
B0007,525,145,1.4467570607768785,0.7650539672029023,0.0,0.7707577522075143,0.8033333333333333,-0.00921155992981304,medium
B0007,529,146,1.4413797481446793,0.7622104114507394,0.0,0.7694876666088246,0.8066666666666666,-0.009903458937104426,medium
B0007,533,147,1.4362456252208178,0.7594954559011889,0.0,0.767018221017078,0.7833333333333333,-0.009963250607998186,medium
B0007,537,148,1.4368154153924828,0.759796764422933,0.0,0.7671953259053556,0.78,-0.003969489578038443,medium
B0007,541,149,1.4362945145860047,0.7595213088960034,0.0,0.7669474141746557,0.8033333333333333,-0.009303472716371775,medium
B0007,545,150,1.4418575315878015,0.7624630662526647,0.0,0.7692784655099152,0.8166666666666667,-0.01772637537443922,high
B0007,548,151,1.4672063484781797,0.7758676753965592,0.0,0.7766466175033453,0.8333333333333334,-0.014522944773779689,high
B0007,552,152,1.4518640367848885,0.7677545672975996,0.0,0.7726629564865697,0.81,-0.013643770651223242,high
B0007,556,153,1.4471379752748499,0.7652553971151791,0.0,0.7715402744439989,0.8,-0.008776854223380592,medium
B0007,560,154,1.441790586562399,0.7624276653144856,0.0,0.7700346819778981,0.7766666666666666,-0.00726220293447899,medium
B0007,564,155,1.431630947911111,0.7570551863639823,0.0,0.7643067315839824,0.7833333333333333,-0.007650337200814428,medium
B0007,568,156,1.4318084249673686,0.7571490373149529,0.0,0.7643095173925841,0.7766666666666666,-0.009258991259411431,medium
B0007,572,157,1.4262562585106868,0.7542130177927987,0.0,0.7620061369349673,0.7633333333333333,-0.00244350369998958,medium
B0007,576,158,1.4260877528924913,0.7541239109930523,0.0,0.7617571944861213,0.6766666666666666,-0.001658543096995313,medium
B0007,580,159,1.4212633510031694,0.7515727378176299,0.0,0.753618004056659,0.7533333333333333,-0.0070171404344139265,medium
B0007,584,160,1.4163272748795108,0.7489625106252409,0.0,0.7525169392168073,0.67,-0.00336729296560756,medium
B0007,588,161,1.4165781829175994,0.7490951923277513,0.0,0.75282341161757,0.7466666666666667,-0.00887916745409234,medium
B0007,592,162,1.4108401729425177,0.7460608976183626,0.0,0.744271387083014,0.67,-0.002372016723046544,medium
B0007,596,163,1.4109949628347804,0.7461427514584917,0.0,0.743945301459916,0.67,-0.009161079501927683,medium
B0007,600,164,1.4061714290398801,0.7435920373366998,0.0,0.7438505942836346,0.67,-0.01070872775988363,medium
B0007,604,165,1.4063358479692922,0.7436789830704655,0.0,0.7435286108145464,0.6733333333333333,-0.012915775957927922,high
B0007,608,166,1.4004552399066514,0.7405692816217144,0.0,0.7384557562149506,0.33666666666666667,-0.006438309151983845,medium
B0007,612,167,1.4217865046055154,0.7518493846367692,0.0,0.7572378504657455,0.7933333333333333,-0.012355669456123763,high
B0007,614,168,1.4324552720625434,0.7574910940083355,0.0,0.7655833797206529,0.8033333333333333,-0.021648360350034146,high
